{"mavpackettype": "AHRS", "omegaIx": 9.869348286883906e-05, "omegaIy": 1.6167537978617474e-05, "omegaIz": 0.0016902248607948422, "accel_weight": 0.0, "renorm_val": 0.0, "error_rp": 0.0006021278677508235, "error_yaw": 0.005792269948869944}