{"mavpackettype": "ATTITUDE", "time_boot_ms": 249480, "roll": -0.0034219492226839066, "pitch": 0.003471210366114974, "yaw": -2.907621383666992, "rollspeed": -0.0011282583000138402, "pitchspeed": -0.010894156992435455, "yawspeed": 0.0010477629257366061}