{"mavpackettype": "LOCAL_POSITION_NED", "time_boot_ms": 249483, "x": -0.41521143913269043, "y": 0.17937161028385162, "z": 0.006276985164731741, "vx": -0.0005085427546873689, "vy": 0.002168451203033328, "vz": 0.002951863221824169}